Authors;TitleStudy;Journal;PublicationYear;DOI;KEEP;ExclusionDetails;previous publication to chexk;
"Zhao QP; Wang ZW; Zhang HX; Xu ZH; Zhang XS";Accumulation and spatial distribution of mercury in soil and litterfall in urban areas of Beijing China;JOURNAL OF HAZARDOUS MATERIALS ADVANCES;2025;10.1016/j.hazadv.2025.100821;1;;;
"Olson CI; Jane SF; Geyman BM; Montesdeoca MR; Mchale PJ; Beier CM; Mills JS; McIntyre PB; Sunderland EM; Driscoll CT";Soil Mercury Accumulation Delays Fish Recovery from Atmospheric Deposition Declines;ENVIRONMENTAL SCIENCE & TECHNOLOGY;2025;10.1021/acs.est.5c00834;0;check but reject because litterfall presented came from previous publications and NADP merury litterfall network;;
"Weiss-Penzias P; Straw B; Rothman M; Zheng B; Seelos M; Meraz ER; O'Day PA";Atmospheric mercury uptake to foliage using in situ and transplanted lichens at the New Almaden Mining District California United States;FRONTIERS IN ENVIRONMENTAL CHEMISTRY;2025;10.3389/fenvc.2025.1568188;0;lichen concentration not litterfall measurements;1;
"Navr‡til T; Rohovec J; Shanley JB; Matouskov‡ S; Roll M; Nov‡kov‡ T; Kr‡m P; Tesar M; Myska O; Oulehle F";Mercury cycling in the Czech GEOMON network catchments recovering from acid deposition and facing climate change;BIOGEOCHEMISTRY;2025;10.1007/s10533-025-01231-w;1;;;
"Gustin MS; Gay DA; Choma N";Assessment of recent mercury trends associated with the National Atmospheric Deposition Program Mercury Litterfall Network;ATMOSPHERIC ENVIRONMENT;2025;10.1016/j.atmosenv.2025.121097;1;;;
"Acharyya S; Majumder S; Nandi S; Ghosh A; Saha S; Bhattacharya M";Uncovering mercury accumulation and the potential for bacterial bioremediation in response to contamination in the Singalila National Park;SCIENTIFIC REPORTS;2025;10.1038/s41598-024-81927-5;0;no information about litterfall sampling method;;
"Luo K; Yuan W; Lu ZY; Xiong ZC; Huang JH; Wang X; Feng XB";Riverine songbirds capture high levels of atmospheric mercury pollution from brown food webs in forests by mercury isotopic evidence;JOURNAL OF HAZARDOUS MATERIALS;2025;10.1016/j.jhazmat.2025.137347;0;refers to litterfall concentration from past paper but focuses on birds diet and collect litter on floor;;
"Li YZ; Tan LC; Jin SM; Xu H; Chen LF; Kemp DB; Sinha A; Ma L; Huang CJ; Edwards LR; Cheng H";Mercury deposition in central China from the Last Glacial Maximum to the early Holocene recorded in an accurately-dated stalagmite;SCIENCE BULLETIN;2025;10.1016/j.scib.2024.07.045;0;no litterfall data - study at the millenial time scale;;
"Han SY; Niu X; Wang B; Wang ZW; Zhang XS; Wang Q; Du JJ; Liu PP; Liu DH; Pan FS; Xu TY";Spatial-Temporal Patterns of Litterfall Mercury Concentration and Flux in Typical Vegetation in China;ECOSYSTEM HEALTH AND SUSTAINABILITY;2025;10.34133/ehs.0288;1;;;
"Deng H; Li X; Wang YJ; Wen Q; Wong MH";Mercury accumulation and transformation in the surface sediments of urban waterscapes in the megacity of Shanghai China;JOURNAL OF SOILS AND SEDIMENTS;2025;10.1007/s11368-024-03948-x;0;experiments with litter addition;;
"Sun T; Zhang WY; Zhang JM; Wang DY; Xie Q; Lu Y; Yue CP; Huang JY";How ambient temperature rise affects mercury dynamics and its pools in secondary forests;JOURNAL OF HAZARDOUS MATERIALS;2025;10.1016/j.jhazmat.2024.136449;1;;;
"Kang HH; Liu XH; Zhang XY; Guo JM; Huang J; Ying XF; Wang YB; Zhang QG; Kang SC";Important accumulated mercury pool in a remote alpine forest and dynamic accumulation revealed by tree rings in China's Qilian Mountains;SCIENCE OF THE TOTAL ENVIRONMENT;2024;10.1016/j.scitotenv.2024.175441;0;undecomposed litterfall were randomly gathered from each plot e.g. litter collection on floor;;
"Zang F; Zhao CY";Atmospheric deposition inputs more trace elements than litterfall in primitive forest soils;CATENA;2024;10.1016/j.catena.2024.108262;1;;A regarder pour les modeles de depot;
"Monteiro LC; Vieira LCG; Bernardi JVE; Recktenvald MCND; Nery AFD; Fernandes IO; de Miranda VL; da Rocha DMS; de Almeida R; Bastos WR";Mercury distribution bioaccumulation and biomagnification in riparian ecosystems from a neotropical savanna floodplain Araguaia River central Brazil;ENVIRONMENTAL RESEARCH;2024;10.1016/j.envres.2024.118906;0;collect litter on soil and fresh leaves on trees;;
"Li XH; Hu D; Du J; He L";Understanding mercury accumulation in mosses of two subalpine forests in China;JOURNAL OF HAZARDOUS MATERIALS;2024;10.1016/j.jhazmat.2024.134266;0;mosses concentration;;
"Du H; Wang X; Yuan W; Wu F; Jia LY; Liu NT; Lin CJ; Gan J; Zeng FP; Wang KL; Feng XB";Elevated Mercury Deposition Accumulation and Migration in a Karst Forest;ENVIRONMENTAL SCIENCE & TECHNOLOGY;2023;10.1021/acs.est.3c05409;1;;;
"Sa R; Wang ZW; Xu ZH; Zhao QP; Zhang QL; Zhang XS";Distribution characteristics of mercury concentration and estimation of mercury pools in different age groups of Larix gmelinii forests of Daxing'an Mountain;ENVIRONMENTAL POLLUTION;2023;10.1016/j.envpol.2023.122653;0;soil layer collection;;
"Fostier AH; Amouroux D; Tessier E; Viana JLM; Richter L";Methylmercury content in soil and litter from the Amazonian rainforest and its potential fate during forest fires;FRONTIERS IN ENVIRONMENTAL CHEMISTRY;2023;10.3389/fenvc.2023.1242915;0;soil layer collection;;
"Liu YR; Guo L; Yang ZM; Xu Z; Zhao JT; Wen SH; Delgado-Baquerizo M; Chen L";Multidimensional Drivers of Mercury Distribution in Global Surface Soils: Insights from a Global Standardized Field Survey;ENVIRONMENTAL SCIENCE & TECHNOLOGY;2023;10.1021/acs.est.3c04313;0;no litterfall data;;
"Yuan W; Wang X; Lin CJ; Song QH; Zhang H; Wu F; Liu NT; Lu HZ; Feng XB";Deposition and Re-Emission of Atmospheric Elemental Mercury over the Tropical Forest Floor;ENVIRONMENTAL SCIENCE & TECHNOLOGY;2023;10.1021/acs.est.3c01222;0;litterfall data from previous publication;1;
"Li X; Wang X; Zhang H; Lu ZY";Mosses and lichens enhance atmospheric elemental mercury deposition in a subtropical montane forest;ENVIRONMENTAL CHEMISTRY;2023;10.1071/EN22124;0;no litterfall data - studied mosses and lichen concentrations;;
"MŽndez-L—pez M; Eimil-Fraga C; Alonso-Vega F; Rodr’guez-Soalleiro R; Alvarez-Rodr’guez E; Arias-EstŽvez M; N—voa-Mu–oz JC";Variation of Hg concentration and accumulation in the soil of maritime pine plantations along a coast-inland transect in SW Europe;ENVIRONMENTAL RESEARCH;2023;10.1016/j.envres.2023.116155;0;soil data no litterfall data;;
"Huang JH; Berg B; Chen CY; Thimonier A; Schmitt M; Osterwalder S; Alewell C; Rinklebe J; Feng XB";Predominant contributions through lichen and fine litter to litterfall mercury deposition in a subalpine forest;ENVIRONMENTAL RESEARCH;2023;10.1016/j.envres.2023.116005;1;;;
"Tabaja N; Amouroux D; Chalak L; Fourel F; Tessier E; Jomaa I; El Riachy M; Bentaleb I";Seasonal variation of mercury concentration of ancient olive groves ofLebanon;BIOGEOSCIENCES;2023;10.5194/bg-20-619-2023;0;no litterfall data but soil and litter horizon collection;;
"Dong HY; Kang XY; Deng SX; Huang MJ; Chang M; Wang XM";Dry and Wet Deposition Fluxes and Source of Atmospheric Mercury in the Forest in Southeast China;SUSTAINABILITY;2023;10.3390/su15043213;0;no litterfall nore throughfall data only wet and dry depo;;
"MŽndez-L—pez M; Parente-Send’n A; Calvo-Portela N; G—mez-Armesto A; Eimil-Fraga C; Alonso-Vega F; Arias-EstŽvez M; N—voa-Mu–oz JC";Mercury in a birch forest in SW Europe: Deposition flux by litterfall and pools in aboveground tree biomass and soils;SCIENCE OF THE TOTAL ENVIRONMENT;2023;10.1016/j.scitotenv.2022.158937;1;;;
"Yang LP; Yang G; Wang JY; Xiong BC; Guo P; Wang T; Du HX; Ma M; Wang DY";Seasonal changes in total mercury and methylmercury in subtropical decomposing litter correspond to the abundances of nitrogen-fixing and methylmercury-degrading bacteria;JOURNAL OF HAZARDOUS MATERIALS;2023;10.1016/j.jhazmat.2022.130064;0;degrading litter experiment;;
"MŽndez-L—pez M; G—mez-Armesto A; Eimil-Fraga C; Alonso-Vega F; Rodr’guez-Soalleiro R; Alvarez-Rodr’guez E; Arias-EstŽvez M; Novoa-Mu–oz JC";Needle age and precipitation as drivers of Hg accumulation and deposition in coniferous forests from a southwestern European Atlantic region;ENVIRONMENTAL RESEARCH;2022;10.1016/j.envres.2022.114223;0;Sample on trees ;;
"Wu Y; Wang SL; Zhao CC; Nan ZR; Zhao CY";Ecological Safety and Spatial Distribution of Mercury and Arsenic in Qinghai Spruce Ecosystems in Remote Plateau Mountains Northwest China;FORESTS;2022;10.3390/f13081269;0;no clear litterfall collection procedure;;
"Xu ZH; Wang ZW; Zhang XS";Mapping the forest litterfall mercury deposition in China;SCIENCE OF THE TOTAL ENVIRONMENT;2022;10.1016/j.scitotenv.2022.156288;0;mixed published and unpublished data in average calculation no raw litterfall data ;;
"Feinberg A; Dlamini T; Jiskra M; Shah VR; Selin NE";Evaluating atmospheric mercury (Hg) uptake by vegetation in a chemistry-transport model;ENVIRONMENTAL SCIENCE-PROCESSES & IMPACTS;2022;"10.1039/d2em00032f; 10.1039/D2EM00032F";1;;;
"Xia SW; Yuan W; Lin LX; Yang XD; Feng XB; Li XM; Liu X; Chen PJ; Zeng SF; Wang DY; Su QZ; Wang X";Latitudinal gradient for mercury accumulation and isotopic evidence for post-depositional processes among three tropical forests in Southwest China;JOURNAL OF HAZARDOUS MATERIALS;2022;10.1016/j.jhazmat.2022.128295;1;;;
"Wang YJ; Wang ZG; Zheng XM; Zhou LM";Influence of Spartina alterniflora invasion on mercury storage and methylation in the sediments of Yangtze River estuarine wetlands;ESTUARINE COASTAL AND SHELF SCIENCE;2022;10.1016/j.ecss.2021.107717;0;no litterfall collection only aboveground biomass;;
"Yuan W; Wang X; Lin CJ; Zhang H; Feng XB; Lu ZY";Impacts of Extreme Weather on Mercury Uptake and Storage in Subtropical Forest Ecosystems;JOURNAL OF GEOPHYSICAL RESEARCH-BIOGEOSCIENCES;2022;10.1029/2021JG006681;1;;;
"Huang SY; Jiang RG; Song QY; Zhao YH; Lv SP; Zhang YBA; Huo YL; Chen YJ";The Hg behaviors in mangrove ecosystems revealed by Hg stable isotopes: a case study of Maowei mangrove;ENVIRONMENTAL SCIENCE AND POLLUTION RESEARCH;2022;10.1007/s11356-021-17744-4;0;Isotopic composition but no masses or flux;;
"Li XM; Wang X; Yuan W; Lu ZY; Wang DY";Increase of litterfall mercury input and sequestration during decomposition with a montane elevation in Southwest China*;ENVIRONMENTAL POLLUTION;2022;10.1016/j.envpol.2021.118449;1;;;
"Zhou J; Obrist D";Global Mercury Assimilation by Vegetation;ENVIRONMENTAL SCIENCE & TECHNOLOGY;2021;10.1021/acs.est.1c03530;0;data review;;data compilation to cure
"Liu YW; Liu GL; Wang ZW; Guo YY; Yin YG; Zhang XS; Cai Y; Jiang GB";Understanding foliar accumulation of atmospheric Hg in terrestrial vegetation: Progress and challenges;CRITICAL REVIEWS IN ENVIRONMENTAL SCIENCE AND TECHNOLOGY;2022;10.1080/10643389.2021.1989235;0;review;;review
"Quant MI; Feigis M; Mistry S; Lei YD; Mitchell CPJ; Staebler R; Di Guardo A; Terzaghi E; Wania F";Using Passive Air Samplers to Quantify Vertical Gaseous Elemental Mercury Concentration Gradients Within a Forest and Above Soil;JOURNAL OF GEOPHYSICAL RESEARCH-ATMOSPHERES;2021;10.1029/2021JD034981;0;passive vertical flux measurement ;;passive vertical flux meausre
"Obrist D; Roy EM; Harrison JL; Kwong CF; Munger JW; MoosmŸller H; Romero CD; Sun SW; Zhou J; Commane R";Previously unaccounted atmospheric mercury deposition in a midlatitude deciduous forest;PROCEEDINGS OF THE NATIONAL ACADEMY OF SCIENCES OF THE UNITED STATES OF AMERICA;2021;10.1073/pnas.2105477118;0;leaves collection at the end of the growing season;;
"G—mez-Armesto A; MŽndez-L—pez M; Marques P; Pontevedra-Pombal X; Monteiro F; Madeira M; Arias-EstŽvez M; N—voa-Mu–oz JC";Patterning total mercury distribution in coastal podzolic soils from an Atlantic area: Influence of pedogenetic processes and soil components;CATENA;2021;10.1016/j.catena.2021.105540;0;No litterfall data;;
"Navr‡til T; Shanley JB; Rohovec J; Dobesov‡ I; Matouskov‡ S; Roll M; Nov‡kov‡ T; Oulehle F";Mercury cycling during acid rain recovery at the forested Lesni potok catchment Czech Republic;HYDROLOGICAL PROCESSES;2021;10.1002/hyp.14255;1;;;
"Macejn‡ L; Zacharov‡ A; Ollerov‡ H; Skvareninov‡ J; Skvarenina J";Hydrobiochemical balance of total mercury in a forest catchment area at former cinnabar mining locality;JOURNAL OF HYDROLOGY AND HYDROMECHANICS;2021;10.2478/johh-2021-0005;0;sampled two weeks during growing season;;
"Xia JC; Wang JX; Zhang LM; Wang X; Yuan W; Zhang H; Peng T; Feng XB";Mass balance of nine trace elements in two karst catchments in southwest China;SCIENCE OF THE TOTAL ENVIRONMENT;2021;10.1016/j.scitotenv.2021.147504;0;No Hg data but other trace elements;;
"Navr‡til T; Nov‡kov‡ T; Shanley JB; Rohovec J; Vankov‡ M";Distribution and pools of mercury in forest soils near recent and historical mercury emission sources in the central Czech Republic;JOURNAL OF GEOCHEMICAL EXPLORATION;2021;10.1016/j.gexplo.2021.106782;0;soil pool not litterfall flux;;
"Duan DD; Lei P; Lan WL; Li TS; Zhang H; Zhong H; Pan K";Litterfall-derived organic matter enhances mercury methylation in mangrove sediments of South China;SCIENCE OF THE TOTAL ENVIRONMENT;2021;10.1016/j.scitotenv.2020.142763;0;litter addition no litterfall measurement;;
"Ballabio C; Jiskra M; Osterwalder S; Borrelli P; Montanarella L; Panagos P";A spatial assessment of mercury content in the European Union topsoil;SCIENCE OF THE TOTAL ENVIRONMENT;2021;10.1016/j.scitotenv.2020.144755;0;soil pool not litterfall flux;;
"Xia JC; Wang JX; Zhang LM; Wang X; Yuan W; Anderson CWN; Chen CY; Peng T; Feng XB";Significant mercury efflux from a Karst region in Southwest China - Results from mass balance studies in two catchments;SCIENCE OF THE TOTAL ENVIRONMENT;2021;10.1016/j.scitotenv.2020.144892;1;;;
"Wang T; Yang G; Du HX; Guo P; Sun T; An SW; Wang DY; Ma M";Migration characteristics and potential determinants of mercury in long-term decomposing litterfall of two subtropical forests;ECOTOXICOLOGY AND ENVIRONMENTAL SAFETY;2021;10.1016/j.ecoenv.2020.111402;0;degradation experiment only one time sample of litterfall;;
"Siau YF; Le DQ; Suratman S; Jaaman SA; Tanaka K; Kotaro S";Seasonal variation of total mercury transfer through a tropical mangrove food web Setiu Wetlands;MARINE POLLUTION BULLETIN;2021;10.1016/j.marpolbul.2020.111878;0;vegetation and sediment sample +isotope no litterfalll flux/concentration;;
"Lu ZY; Yuan W; Luo K; Wang X";Litterfall mercury reduction on a subtropical evergreen broadleaf forest floor revealed by multi-element isotopes;ENVIRONMENTAL POLLUTION;2021;10.1016/j.envpol.2020.115867;0;soil isotopes no litterfall flux;;
"G—mez-Armesto A; MŽndez-L—pez M; PŽrez-Rodr’guez P; Fern‡ndez-Calvi–o D; Arias-EstŽvez M; N—voa-Mu–oz JC";Litterfall Hg deposition to an oak forest soil from southwestern Europe;JOURNAL OF ENVIRONMENTAL MANAGEMENT;2020;10.1016/j.jenvman.2020.110858;1;;;
"Ahn YS; Jung R; Moon JH";Approaches to Understand Historical Changes of Mercury in Tree Rings of Japanese Cypress in Industrial Areas;FORESTS;2020;10.3390/f11080800;0;tree ring Hg concentration;;
"Li F; Ma CM; Zhang PJ";Mercury Deposition Climate Change and Anthropogenic Activities: A Review;FRONTIERS IN EARTH SCIENCE;2020;10.3389/feart.2020.00316;0;geologic time span Hg history reconstruction;;
"Wang X; Yuan W; Lin CJ; Luo J; Wang FY; Feng XB; Fu XW; Liu C";Underestimated Sink of Atmospheric Mercury in a Deglaciated Forest Chronosequence;ENVIRONMENTAL SCIENCE & TECHNOLOGY;2020;10.1021/acs.est.0c01667;1;;;
"Zhang ZY; Li G; Yang L; Wang XJ; Sun GX";Mercury distribution in the surface soil of China is potentially driven by precipitation vegetation cover and organic matter;ENVIRONMENTAL SCIENCES EUROPE;2020;10.1186/s12302-020-00370-1;0;soil Hg map with litterfall as a driver but no measurements;;
"G—mez-Armesto A; Mart’nez-Cortizas A; Ferro-V‡zquez C; MŽndez-L—pez M; Arias-EstŽvez M; N—voa-Mu–oz JC";Modelling Hg mobility in podzols: Role of soil components and environmental implications;ENVIRONMENTAL POLLUTION;2020;10.1016/j.envpol.2020.114040;0;soil Hg measueres;;
"Nguyen LSP; Zhang L; Lin DW; Lin NH; Sheu GR";Eight-year dry deposition of atmospheric mercury to a tropical high mountain background site downwind of the East Asian continent;ENVIRONMENTAL POLLUTION;2019;10.1016/j.envpol.2019.113128;0;atmospheric deposition but no litterfall flux;;
"Sun T; Ma M; Wang X; Wang YM; Du HX; Xiang YP; Xu QQ; Xie Q; Wang DY";Mercury transport transformation and mass balance on a perspective of hydrological processes in a subtropical forest of China;ENVIRONMENTAL POLLUTION;2019;10.1016/j.envpol.2019.113065;1;;;
"Yang Y; Meng LH; Yanai RD; Montesdeoca M; Templer PH; Asbjornsen H; Rustad LE; Driscoll CT";Climate change may alter mercury fluxes in northern hardwood forests;BIOGEOCHEMISTRY;2019;10.1007/s10533-019-00605-1;0;climate change experiment  but leaf collected on floor ;;CC experiments
"Olson CI; Beaubien GB; Sims JL; Otter RR";Mercury Accumulation in Millipedes (Narceus spp.) Living Adjacent to a Southern Appalachian Mountain Stream (USA);BULLETIN OF ENVIRONMENTAL CONTAMINATION AND TOXICOLOGY;2019;10.1007/s00128-019-02664-4;0;"bioaccumulation in Millipedes ; litterfall value used from Risch 2017";;
"Du BY; Zhou J; Zhou LL; Fan XJ; Zhou J";Mercury distribution in the foliage and soil profiles of a subtropical forest: Process for mercury retention in soils;JOURNAL OF GEOCHEMICAL EXPLORATION;2019;10.1016/j.gexplo.2019.106337;0;leaves colllection not litterfall;;
"Zhou J; Du BY; Shang LH; Wang ZW; Cui HB; Fan XJ; Zhou J";Mercury fluxes budgets and pools in forest ecosystems of China: A review;CRITICAL REVIEWS IN ENVIRONMENTAL SCIENCE AND TECHNOLOGY;2020;10.1080/10643389.2019.1661176;0;;;reveiews china data of litterfall/throughfall/soil and exahnge fluxes
"Navr‡til T; Nov‡kov‡ T; Roll M; Shanley JB; Kop‡cek J; Rohovec J; Kana J; Cudl’n P";Decreasing litterfall mercury deposition in central European coniferous forests and effects of bark beetle infestation;SCIENCE OF THE TOTAL ENVIRONMENT;2019;10.1016/j.scitotenv.2019.05.093;1;;;
"Liu KY; Wu QR; Wang L; Wang SX; Liu TH; Ding D; Tang Y; Li GL; Tian HZ; Duan L; Wang X; Fu XW; Feng XB; Hao JM";Measure-Specific Effectiveness of Air Pollution Control on China's Atmospheric Mercury Concentration and Deposition during 2013-2017;ENVIRONMENTAL SCIENCE & TECHNOLOGY;2019;10.1021/acs.est.9b02428;0;modelisation study;;
"St Louis VL; Graydon JA; Lehnherr I; Amos HM; Sunderland EM; St Pierre KA; Emmerton CA; Sandilands K; Tate M; Steffen A; Humphreys ER";Atmospheric Concentrations and Wet/Dry Loadings of Mercury at the Remote Experimental Lakes Area Northwestern Ontario Canada;ENVIRONMENTAL SCIENCE & TECHNOLOGY;2019;10.1021/acs.est.9b01338;1;;;
"Ma M; Du HX; Wang DY";A New Perspective is Required to Understand the Role of Forest Ecosystems in Global Mercury Cycle: A Review;BULLETIN OF ENVIRONMENTAL CONTAMINATION AND TOXICOLOGY;2019;10.1007/s00128-019-02569-2;0;no data;;
"Olson CL; Jiskra M; Sonke JE; Obrist D";Mercury in tundra vegetation of Alaska: Spatial and temporal dynamics and stable isotope patterns;SCIENCE OF THE TOTAL ENVIRONMENT;2019;10.1016/j.scitotenv.2019.01.058;0;no litterfall collection - but estimates based on NPP;;
"Wang X; Yuan W; Lu ZY; Lin CJ; Yin RS; Li F; Feng XB";Effects of Precipitation on Mercury Accumulation on Subtropical Montane Forest Floor: Implications on Climate Forcing;JOURNAL OF GEOPHYSICAL RESEARCH-BIOGEOSCIENCES;2019;10.1029/2018JG004809;1;;;
"Zhou J; Du BY; Wang ZW; Zhang WT; Xu L; Fan XJ; Liu XL; Zhou J";Distributions and pools of lead (Pb) in a terrestrial forest ecosystem with highly elevated atmospheric Pb deposition and ecological risks to insects;SCIENCE OF THE TOTAL ENVIRONMENT;2019;10.1016/j.scitotenv.2018.08.091;0;no Hg but Pb data;;
"Roulier M; Bueno M; Thiry Y; Coppin F; Redon PO; Le HŽcho I; Pannier F";Iodine distribution and cycling in a beech (Fagus sylvatica) temperate forest;SCIENCE OF THE TOTAL ENVIRONMENT;2018;10.1016/j.scitotenv.2018.07.039;0;No Hg but I- data;;
"Du HX; Ma M; Sun T; An SW; Igarashi Y; Wang DY";Methyl and Total Mercury in Different Media and Associated Fluxes in a Watershed Forest Southwest China;INTERNATIONAL JOURNAL OF ENVIRONMENTAL RESEARCH AND PUBLIC HEALTH;2018;10.3390/ijerph15122618;1;;;
"Teixeira DC; Lacerda LD; Silva-Filho EV";Foliar mercury content from tropical trees and its correlation with physiological parameters in situ;ENVIRONMENTAL POLLUTION;2018;10.1016/j.envpol.2018.07.120;0;litterfall from previous work ;;check teixeira 2016
"GuŽdron S; Arnouroux D; Tessier E; Grirnaldi C; Barre J; Berail S; Perrot V; Grimaldi M";Mercury Isotopic Fractionation during Pedogenesis in a Tropical Forest Soil Catena (French Guiana): Deciphering the Impact of Historical Gold Mining;ENVIRONMENTAL SCIENCE & TECHNOLOGY;2018;10.1021/acs.est.8b02186;0;soil and litter sample no litterfall fluxes/concentrations;;
"Zhou J; Wang ZW; Zhang XS";Deposition and Fate of Mercury in Litterfall Litter and Soil in Coniferous and Broad-Leaved Forests;JOURNAL OF GEOPHYSICAL RESEARCH-BIOGEOSCIENCES;2018;10.1029/2018JG004415;1;;;
"Yang Y; Yanai RD; Driscoll CT; Montesdeoca M; Smith KT";Concentrations and content of mercury in bark wood and leaves in hardwoods and conifers in four forested sites in the northeastern USA;PLOS ONE;2018;10.1371/journal.pone.0196293;0;leaf concentrations only;;
"Manceau A; Wang JX; Rovezzi M; Glatzel P; Feng XB";Biogenesis of Mercury-Sulfur Nanoparticles in Plant Leaves from Atmospheric Gaseous Mercury;ENVIRONMENTAL SCIENCE & TECHNOLOGY;2018;10.1021/acs.est.7b05452;0;Hg-S nanoparticles on plants leaves;;
"Fragoso CP; Bernini E; Araœjo BF; de Almeida MG; de Rezende CE";Mercury in litterfall and sediment using elemental and isotopic composition of carbon and nitrogen in the mangrove of Southeastern Brazil;ESTUARINE COASTAL AND SHELF SCIENCE;2018;10.1016/j.ecss.2017.12.005;1;;;
"Obrist D; Kirk JL; Zhang L; Sunderland EM; Jiskra M; Selin NE";A review of global environmental mercury processes in response to human and natural perturbations: Changes of emissions climate and land use;AMBIO;2018;10.1007/s13280-017-1004-9;0;process review;;
"Ye ZY; Mao HT; Driscoll CT; Wang Y; Zhang YX; JaeglŽ L";Evaluation of CMAQ Coupled With a State-of-the-Art Mercury Chemical Mechanism (CMAQ-newHg-Br);JOURNAL OF ADVANCES IN MODELING EARTH SYSTEMS;2018;10.1002/2017MS001161;0;model evaluation with atmospheric / deposition fluxes;;
"Risch MR; Kenski DM";Spatial Patterns and Temporal Changes in Atmospheric-Mercury Deposition for the Midwestern USA 2001-2016;ATMOSPHERE;2018;10.3390/atmos9010029;1;;;
"Richardson JB; Petrenko CL; Friedland AJ";Organic horizon and mineral soil mercury along three clear-cut forest chronosequences across the northeastern USA;ENVIRONMENTAL SCIENCE AND POLLUTION RESEARCH;2017;10.1007/s11356-017-0356-9;0;litterfall fluxes as mean of others publication;;
"Ma M; Du HX; Wang DY; Sun T; Sun SW; Yang G";The fate of mercury and its relationship with carbon nitrogen and bacterial communities during litter decomposing in two subtropical forests;APPLIED GEOCHEMISTRY;2017;10.1016/j.apgeochem.2017.09.008;0;litter decomposition measures;;litter decomposition flux
"de Lima CAI; de Almeida MG; Pestana IA; Bastos WR; Recktenvald MCND; de Souza CMM; Pedrosa P";Impact of Land Use on the Mobility of Hg Species in Different Compartments of a Tropical Watershed in Brazil;ARCHIVES OF ENVIRONMENTAL CONTAMINATION AND TOXICOLOGY;2017;10.1007/s00244-017-0449-y;0;unprecised protocol but mentioned leaves litter;;
"Wang X; Yuan W; Feng XB";Global Review of Mercury Biogeochemical Processes in Forest Ecosystems;PROGRESS IN CHEMISTRY;2017;10.7536/PC170343;0;Paper in chinese;;
"Risch MR; DeWild JF; Gay DA; Zhang LM; Boyer EW; Krabbenhoft DP";Atmospheric mercury deposition to forests in the eastern USA;ENVIRONMENTAL POLLUTION;2017;10.1016/j.envpol.2017.05.004;1;;;
"Martinelli LA; Lins SRM; dos Santos-Silva JC";Fine litterfall in the Brazilian Atlantic Forest;BIOTROPICA;2017;10.1111/btp.12448;0;litterfall C but not Hg;;
"Zhou J; Wang ZW; Zhang XS; Gao Y";Mercury concentrations and pools in four adjacent coniferous and deciduous upland forests in Beijing China;JOURNAL OF GEOPHYSICAL RESEARCH-BIOGEOSCIENCES;2017;10.1002/2017JG003776;1;;;
"Teixeira DC; Lacerda LD; Silva-Filho EV";Mercury sequestration by rainforests: The influence of microclimate and different successional stages;CHEMOSPHERE;2017;10.1016/j.chemosphere.2016.10.081;1;;;
"Yang Y; Yanai RD; Montesdeoca M; Driscoll CT";Measuring mercury in wood: challenging but important;INTERNATIONAL JOURNAL OF ENVIRONMENTAL ANALYTICAL CHEMISTRY;2017;10.1080/03067319.2017.1324852;0;Wood Hg no litterfall data;;
"Zhang LM; Wu ZY; Cheng I; Wright LP; Olson ML; Gay DA; Risch MR; Brooks S; Castro MS; Conley GD; Edgerton ES; Holsen TM; Luke W; Tordon R; Weiss-Penzias P";The Estimated Six-Year Mercury Dry Deposition Across North America;ENVIRONMENTAL SCIENCE & TECHNOLOGY;2016;10.1021/acs.est.6b04276;0;data already collected in Risch 2017 ;;more info about dry dep flux and 6year average
"Navr‡til T; Shanley JB; Rohovec J; Oulehle F; Simecek M; Houska J; Cudl’n P";Soil mercury distribution in adjacent coniferous and deciduous stands highly impacted by acid rain in the Ore Mountains Czech Republic;APPLIED GEOCHEMISTRY;2016;10.1016/j.apgeochem.2016.10.005;1;;;
"Lu ZY; Wang X; Zhang YP; Zhang YJ; Luo K; Sha LQ";High mercury accumulation in two subtropical evergreen forests in South China and potential determinants;JOURNAL OF ENVIRONMENTAL MANAGEMENT;2016;10.1016/j.jenvman.2016.08.073;0;soil profile;;
"Wright LP; Zhang LM; Marsik FJ";Overview of mercury dry deposition litterfall and throughfall studies;ATMOSPHERIC CHEMISTRY AND PHYSICS;2016;10.5194/acp-16-13399-2016;0;review;;
"Zheng W; Obrist D; Weis D; Bergquist BA";Mercury isotope compositions across North American forests;GLOBAL BIOGEOCHEMICAL CYCLES;2016;10.1002/2015GB005323;0;isotope on litter/soil pools;;
"Fu XW; Yang X; Lang XF; Zhou J; Zhang H; Yu B; Yan HY; Lin CJ; Feng XB";Atmospheric wet and litterfall mercury deposition at urban and rural sites in China;ATMOSPHERIC CHEMISTRY AND PHYSICS;2016;10.5194/acp-16-11547-2016;1;;;
"Wang X; Lin CJ; Yuan W; Sommar J; Zhu W; Feng XB";Emission-dominated gas exchange of elemental mercury vapor over natural surfaces in China;ATMOSPHERIC CHEMISTRY AND PHYSICS;2016;10.5194/acp-16-11125-2016;0;model of soil emission;"model of soil Hg reduction ; parameters and value usefull for comparisons";
"Wang X; Bao ZD; Lin CJ; Yuan W; Feng XB";Assessment of Global Mercury Deposition through Litterfall;ENVIRONMENTAL SCIENCE & TECHNOLOGY;2016;10.1021/acs.est.5b06351;1;;global data collection and Hg distribution usefull for model evalutaion;
"Buch AC; Niemeyer JC; Correia MEF; Silva EV";Ecotoxicity of mercury to Folsomia candida and Proisotoma minuta (Collembola: Isotomidae) in tropical soils: Baseline for ecological risk assessment;ECOTOXICOLOGY AND ENVIRONMENTAL SAFETY;2016;10.1016/j.ecoenv.2016.01.009;0;ecotoxicity test on organisms living on soil-litter lnterface;;
"Ma M; Wang DY; Du HX; Sun T; Zhao Z; Wang YM; Wei SQ";Mercury dynamics and mass balance in a subtropical forest southwestern China;ATMOSPHERIC CHEMISTRY AND PHYSICS;2016;10.5194/acp-16-4529-2016;1;;volatilization values from soil ;
"Han JS; Seo YS; Kim MK; Holsen TM; Yi SM";Total atmospheric mercury deposition in forested areas in South Korea;ATMOSPHERIC CHEMISTRY AND PHYSICS;2016;10.5194/acp-16-7653-2016;1;;;
"Ma M; Wang DY; Du HX; Sun T; Zhao Z; Wei SQ";Atmospheric mercury deposition and its contribution of the regional atmospheric transport to mercury pollution at a national forest nature reserve southwest China;ENVIRONMENTAL SCIENCE AND POLLUTION RESEARCH;2015;10.1007/s11356-015-5152-9;0;1 month collection;;
"Fostier AH; Melendez-Perez JJ; Richter L";Litter mercury deposition in the Amazonian rainforest;ENVIRONMENTAL POLLUTION;2015;"10.1016/j.envpol.2015.08.010; 10.1016/j.envp";0; fresh leaves and mix new data with published data;;amazonian mean
"Tang RG; Wang HM; Luo J; Sun SQ; Gong YW; She J; Chen YC; Dandan Y; Zhou J";Spatial distribution and temporal trends of mercury and arsenic in remote timberline coniferous forests eastern of the Tibet Plateau China;ENVIRONMENTAL SCIENCE AND POLLUTION RESEARCH;2015;10.1007/s11356-015-4441-7;0;trees parts and litter collection but no litterfall traps;;
"Zhou J; Wang ZW; Zhang XS; Chen J";Distribution and elevated soil pools of mercury in an acidic subtropical forest of southwestern China;ENVIRONMENTAL POLLUTION;2015;10.1016/j.envpol.2015.03.021;0;litter/soil collection not litterfall;;
"Buch AC; Correia MEF; Teixeira DC; Silva EV";Characterization of soil fauna under the influence of mercury atmospheric deposition in Atlantic Forest Rio de Janeiro Brazil;JOURNAL OF ENVIRONMENTAL SCIENCES;2015;10.1016/j.jes.2015.01.009;0;litter/soil collection not litterfall;;
"Blackwell BD; Driscoll CT";Deposition of Mercury in Forests along a Montane Elevation Gradient;ENVIRONMENTAL SCIENCE & TECHNOLOGY;2015;10.1021/es505928w;1;;;
"Richardson JB; Friedland AJ";Mercury in coniferous and deciduous upland forests in northern New England USA: implications of climate change;BIOGEOSCIENCES;2015;10.5194/bg-12-6737-2015;0;leaves collection no litterfall fluxes;;
"Melendez-Perez JJ; Fostier AH; Carvalho JA; Windmšller CC; Santos JC; Carpi A";Soil and biomass mercury emissions during a prescribed fire in the Amazonian rain forest;ATMOSPHERIC ENVIRONMENT;2014;10.1016/j.atmosenv.2014.06.032;0;litter collected on ground not litterfall;;
"Blackwell BD; Driscoll CT; Maxwell JA; Holsen TM";Changing climate alters inputs and pathways of mercury deposition to forested ecosystems;BIOGEOCHEMISTRY;2014;10.1007/s10533-014-9961-6;1;;;
"Zhou J; Feng XB; Liu HY; Zhang H; Fu XW; Bao ZD; Wang X; Zhang YP";Examination of total mercury inputs by precipitation and litterfall in a remote upland forest of Southwestern China;ATMOSPHERIC ENVIRONMENT;2013;10.1016/j.atmosenv.2013.09.010;1;;;
"Benoit JM; Cato DA; Denison KC; Moreira AE";Seasonal Mercury Dynamics in a New England Vernal Pool;WETLANDS;2013;10.1007/s13157-013-0447-4;0;to remove leaves litter collected on the ground;;
"Gunda T; Scanlon TM";Topographical Influences on the Spatial Distribution of Soil Mercury at the Catchment Scale;WATER AIR AND SOIL POLLUTION;2013;10.1007/s11270-013-1511-7;1;;;
"Bringmark L; Lundin L; Augustaitis A; Beudert B; Dieffenbach-Fries H; Dirnbšck T; Grabner MT; Hutchins M; Kram P; Lyulko I; Ruoho-Airola T; Vana M";Trace Metal Budgets for Forested Catchments in Europe-Pb Cd Hg Cu and Zn;WATER AIR AND SOIL POLLUTION;2013;10.1007/s11270-013-1502-8;1;;;
"Yu X; Driscoll CT; Huang JY; Holsen TM; Blackwell BD";Modeling and Mapping of Atmospheric Mercury Deposition in Adirondack Park New York;PLOS ONE;2013;10.1371/journal.pone.0059322;0;"model Hg depostion ; used litterfall from previous studies";;
"McClenahen JR; Hutnik RJ; Davis DD";Spatial and Temporal Patterns of Bioindicator Mercury in Pennsylvania Oak Forest;JOURNAL OF ENVIRONMENTAL QUALITY;2013;10.2134/jeq2012.0237;0;soil litter and fresh leaves measures;;
"GuŽdron S; Grangeon S; Jouravel G; Charlet L; Sarret G";Atmospheric mercury incorporation in soils of an area impacted by a chlor-alkali plant (Grenoble France): Contribution of canopy uptake;SCIENCE OF THE TOTAL ENVIRONMENT;2013;10.1016/j.scitotenv.2012.12.084;0;soil litter measures;;
"Juillerat JI; Ross DS; Bank MS";Mercury in litterfall and upper soil horizons in forested ecosystems in Vermont USA;ENVIRONMENTAL TOXICOLOGY AND CHEMISTRY;2012;10.1002/etc.1896;0;Not integrated measure of Hgconcentration in litterfall as Hg was only measure during a daily sample while biomass is integrative;-> too keep ?;
"Teixeira DC; Montezuma RC; Oliveira RR; Silva EV";Litterfall mercury deposition in Atlantic forest ecosystem from SE - Brazil;ENVIRONMENTAL POLLUTION;2012;10.1016/j.envpol.2011.10.032;1;;;
"Graydon JA; St Louis VL; Lindberg SE; Sandilands KA; Rudd JWM; Kelly CA; Harris R; Tate MT; Krabbenhoft DP; Emmerton CA; Asmath H; Richardson M";The role of terrestrial vegetation in atmospheric Hg deposition: Pools and fluxes of spike and ambient Hg from the METAALICUS experiment;GLOBAL BIOGEOCHEMICAL CYCLES;2012;10.1029/2011GB004031;0;outdoor spike Hg atmo;;
"Castro MS; Moore C; Sherwell J; Brooks SB";Dry deposition of gaseous oxidized mercury in Western Maryland;SCIENCE OF THE TOTAL ENVIRONMENT;2012;10.1016/j.scitotenv.2011.12.044;0;no litterfall collection (only 1 comparaison wit a previous study);;
"Fisher LS; Wolfe MH";Examination of mercury inputs by throughfall and litterfall in the Great Smoky Mountains National Park;ATMOSPHERIC ENVIRONMENT;2012;10.1016/j.atmosenv.2011.10.017;0;april - oct USA litter collections;;
"Risch MR; DeWild JF; Krabbenhoft DP; Kolka RK; Zhang LM";Litterfall mercury dry deposition in the eastern USA;ENVIRONMENTAL POLLUTION;2012;10.1016/j.envpol.2011.06.005;0;data already collected;1;
"Zhang L; Blanchard P; Gay DA; Prestbo EM; Risch MR; Johnson D; Narayan J; Zsolway R; Holsen TM; Miller EK; Castro MS; Graydon JA; St Louis VL; Dalziel J";Estimation of speciated and total mercury dry deposition at monitoring locations in eastern and central North America;ATMOSPHERIC CHEMISTRY AND PHYSICS;2012;10.5194/acp-12-4327-2012;0;mean of value colected yearly from american network;;
"Tabatchnick MD; Nogaro G; Hammerschmidt CR";Potential sources of methylmercury in tree foliage;ENVIRONMENTAL POLLUTION;2012;10.1016/j.envpol.2011.09.013;0;tree leaves and soil samples;;
"Oziegbe MB; Muoghalu JI; Oke SO";Litterfall precipitation and nutrient fluxes in a secondary lowland rain forest in Ile-Ife Nigeria;ACTA BOTANICA BRASILICA;2011;10.1590/S0102-33062011000300020;1;;;
"Mowat LD; St Louis VL; Graydon JA; Lehnherr I";Influence of Forest Canopies on the Deposition of Methylmercury to Boreal Ecosystem Watersheds;ENVIRONMENTAL SCIENCE & TECHNOLOGY;2011;10.1021/es104377y;1;Hg already collect but MeHg completed StLouis2019;;
"Ding ZH; Wu H; Feng XB; Liu JL; Liu Y; Yuan YT; Zhang L; Lin GH; Jiayong P";Distribution of Hg in mangrove trees and its implication for Hg enrichment in the mangrove ecosystem;APPLIED GEOCHEMISTRY;2011;10.1016/j.apgeochem.2010.11.020;0;litter define as leaves that fell but remaine fresh;;
"Niu ZC; Zhang XS; Wang ZW; Ci ZJ";Mercury in leaf litter in typical suburban and urban broadleaf forests in China;JOURNAL OF ENVIRONMENTAL SCIENCES;2011;10.1016/S1001-0742(10)60669-9;0;leaf litter from surface soil;;
"Juillerat JI; Ross DS";Mercury deposition through litterfall and subsequent accumulation in soils: Does forest community type matter?;GEOCHIMICA ET COSMOCHIMICA ACTA;2010;;conference paper;;;
"Fu XW; Feng X; Dong ZQ; Yin RS; Wang JX; Yang ZR; Zhang H";Atmospheric gaseous elemental mercury (GEM) concentrations and mercury depositions at a high-altitude mountain peak in south China;ATMOSPHERIC CHEMISTRY AND PHYSICS;2010;10.5194/acp-10-2425-2010;1;;;
"Graydon JA; St Louis VL; Hintelmann H; Lindberg SE; Sandilands KA; Rudd JWM; Kelly CA; Tate MT; Krabbenhoft DP; Lehnherr I";Investigation of Uptake and Retention of Atmospheric Hg(II) by Boreal Forest Plants Using Stable Hg Isotopes;ENVIRONMENTAL SCIENCE & TECHNOLOGY;2009;10.1021/es900357s;0;mean of ELA data collected individually;;
"Wang ZW; Zhang XS; Xiao JS; Zhijia C; Yu PZ";Mercury fluxes and pools in three subtropical forested catchments southwest China;ENVIRONMENTAL POLLUTION;2009;10.1016/j.envpol.2008.11.018;1;;;
"Obrist D; Johnson DW; Lindberg SE";Mercury concentrations and pools in four Sierra Nevada forest sites and relationships to organic carbon and nitrogen;BIOGEOSCIENCES;2009;10.5194/bg-6-765-2009;0;litter soil ;;
"Pliestikov‡ L; Skvarenina J";Fluxes of total mercury (THg) in forested ecosystems in the Kremnicke vrchy Mts.;SUSTAINABLE DEVELOPMENT AND BIOCLIMATE: REVIEWED CONFERENCE PROCEEDINGS;2009;;conference paper;;;
"Tsui MTK; Finlay JC; Nater EA";Effects of Stream Water Chemistry and Tree Species on Release and Methylation of Mercury during Litter Decomposition;ENVIRONMENTAL SCIENCE & TECHNOLOGY;2008;10.1021/es800956q;0;unprecised protocol of sampling followed by decomposition experiment;;decomposition rate
"Graydon JA; Louis VLS; Hintelmann H; Lindberg SE; Sandilands KA; Rudd JWM; Kelly CA; Hall BD; Mowat LD";Long-Term Wet and Dry Deposition of Total and Methyl Mercury in the Remote Boreal Ecoregion of Canada;ENVIRONMENTAL SCIENCE & TECHNOLOGY;2008;10.1021/es801056j;0;mean of ELA data collected individually;;
"Natali SM; Sa–udo-Wilhelmy SA; Norby RJ; Zhang H; Finzi AC; Lerdau MT";Increased mercury in forest soils under elevated carbon dioxide;OECOLOGIA;2008;10.1007/s00442-008-1135-6;1;;;
"Larssen T; de Wit HA; Wiker M; Halse K";Mercury budget of a small forested boreal catchment in southeast Norway;SCIENCE OF THE TOTAL ENVIRONMENT;2008;10.1016/j.scitotenv.2008.03.013;1;;;
"Bushey JT; Nallana AG; Montesdeoca MR; Driscoll CT";Mercury dynamics of a northern hardwood canopy;ATMOSPHERIC ENVIRONMENT;2008;10.1016/j.atmosenv.2008.05.043;0; shooting  branches rather than collecting litterfall;;
"N—voa-Mu–oz JC; Pontevedra-Pombal X; Mart’nez-Cortizas A; Gayoso EGR";Mercury accumulation in upland acid forest ecosystems nearby a coal-fired power-plant in Southwest Europe (Galicia NW Spain);SCIENCE OF THE TOTAL ENVIRONMENT;2008;10.1016/j.scitotenv.2008.01.044;1;;;
"Demers JD; Driscoll CT; Fahey TJ; Yavitt JB";Mercury cycling in litter and soil in different forest types in the Adirondack region New York USA;ECOLOGICAL APPLICATIONS;2007;10.1890/06-1697.1;1;;;
"Hojdova M; Huang JH; Kalbitz K; Matzner E";Effects of throughfall and litterfall manipulation on concentrations of methylmercury and mercury in forest-floor percolates;JOURNAL OF PLANT NUTRITION AND SOIL SCIENCE;2007;10.1002/jpln.200622023;0;throughfall collected 2 months and annual averaged based on Schwesig and Matzner 2001 ;;
"Huang JH; Matzner E";Biogeochemistry of organic and inorganic arsenic species in a forested catchment in Germany;ENVIRONMENTAL SCIENCE & TECHNOLOGY;2007;10.1021/es061586d;0;Hg as an example but focus on As;;
"Silva EV; Machado W; Oliveira RR; Sella SM; Lacerda LD";Mercury deposition through litterfall in an Atlantic Forest at Ilha Grande southeast Brazil;CHEMOSPHERE;2006;10.1016/j.chemosphere.2006.04.053;1;;;
"Graydon JA; St Louis VL; Lindberg SE; Hintelmann H; Krabbenhoft DP";Investigation of mercury exchange between forest canopy vegetation and the atmosphere using a new dynamic chamber;ENVIRONMENTAL SCIENCE & TECHNOLOGY;2006;10.1021/es0604616;0;ELA data already collected;;
"Sheehan KD; Fernandez IJ; Kahl JS; Amirbahman A";Litterfall mercury in two forested watersheds at Acadia National Park Maine USA;WATER AIR AND SOIL POLLUTION;2006;10.1007/s11270-006-3034-y;1;;;
"Rimmer CC; Mcfarland KP; Evers DC; Miller EK; Aubry Y; Busby D; Taylor RJ";Mercury concentrations in Bicknell's thrush and other insectivorous passerines in Montane forests of northeastern North America;ECOTOXICOLOGY;2005;10.1007/s10646-004-6270-1;0;data from semi mecanistic model;;
"Huang JH; Matzner E";Biogeochemistry of trimethyllead and lead in a forested ecosystem in Germany;BIOGEOCHEMISTRY;2004;10.1007/s10533-004-9680-5;0;litterfall from others element than Hg;;
"Frescholtz TF; Gustin MS; Schorran DE; Fernandez GCJ";Assessing the source of mercury in foliar tissue of quaking aspen;ENVIRONMENTAL TOXICOLOGY AND CHEMISTRY;2003;10.1002/etc.5620220922;0;vegetation concentration not litterfall;;
"MŽlires MA; Pourchet M; Charles-Dominique P; Gaucher P";Mercury in canopy leaves of French Guiana in remote areas;SCIENCE OF THE TOTAL ENVIRONMENT;2003;10.1016/S0048-9697(03)00142-6;0;leaves collection on trees;;
"Schwesig D; Krebs O";The role of ground vegetation in the uptake of mercury and methylmercury in a forest ecosystem;PLANT AND SOIL;2003;10.1023/A:1024891014028;0;pot experiment and vegetation sampling;;
"Fostier AH; Cecon K; Forti MC";Urban influence on litterfall trace metals fluxes in the Atlantic forest of Sao Paulo (Brazil);JOURNAL DE PHYSIQUE IV;2003;10.1051/jp4:20030348;1;;;
"Ericksen JA; Gustin MS; Schorran DE; Johnson DW; Lindberg SE; Coleman JS";Accumulation of atmospheric mercury in forest foliage;ATMOSPHERIC ENVIRONMENT;2003;10.1016/S1352-2310(03)00008-6;0;vegetation concentrations;;
"Balogh SJ; Huang YB; Offerman HJ; Meyer ML; Johnson DK";Episodes of elevated methylmercury concentrations in prairie streams;ENVIRONMENTAL SCIENCE & TECHNOLOGY;2002;10.1021/es011265w;0;stream and leaves concentration;;
"Rea AW; Lindberg SE; Scherbatskoy T; Keeler GJ";Mercury accumulation in foliage over time in two northern mixed-hardwood forests;WATER AIR AND SOIL POLLUTION;2002;10.1023/A:1012919731598;1;;;
"St Louis VL; Rudd JWM; Kelly CA; Hall BD; Rolfhus KR; Scott KJ; Lindberg SE; Dong W";Importance of the forest canopy to fluxes of methyl mercury and total mercury to boreal ecosystems;ENVIRONMENTAL SCIENCE & TECHNOLOGY;2001;10.1021/es001924p;1;;;
"Rea AW; Lindberg SE; Keeler GJ";Dry deposition and foliar leaching of mercury and selected trace elements in deciduous forest throughfall;ATMOSPHERIC ENVIRONMENT;2001;10.1016/S1352-2310(01)00133-9;0;data already collected;;
"Schwesig D; Matzner E";Dynamics of mercury and methylmercury in forest floor and runoff of a forested watershed in Central Europe;BIOGEOCHEMISTRY;2001;10.1023/A:1010600600099;1;;;
"Lee YH; Bishop KH; Munthe J";Do concepts about catchment cycling of methylmercury and mercury in boreal catchments stand the test of time? Six years of atmospheric inputs and runoff export at Svartberget northern Sweden;SCIENCE OF THE TOTAL ENVIRONMENT;2000;10.1016/S0048-9697(00)00538-6;1;;;
"Schwesig D; Matzner E";Pools and fluxes of mercury and methylmercury in two forested catchments in Germany;SCIENCE OF THE TOTAL ENVIRONMENT;2000;10.1016/S0048-9697(00)00565-9;1;;;
"Grigal DF; Kolka RK; Fleck JA; Nater EA";Mercury budget of an upland-peatland watershed;BIOGEOCHEMISTRY;2000;10.1023/A:1006322705566;1;;;
"Patra M; Sharma A";Mercury toxicity in plants;BOTANICAL REVIEW;2000;10.1007/BF02868923;0;book chapter without new results;;
"Rea AW; Lindberg SE; Keeler GJ";Assessment of dry deposition and foliar leaching of mercury and selected trace elements based on washed foliar and surrogate surfaces;ENVIRONMENTAL SCIENCE & TECHNOLOGY;2000;10.1021/es991305k;0;leaves colleted on tree and washed;;
"Guentzel JL; Landing WM; Gill GA; Pollman CD";Mercury and major ions in rainfall throughfall and foliage from the Florida Everglades;SCIENCE OF THE TOTAL ENVIRONMENT;1998;10.1016/S0048-9697(98)00071-0;1;;;
"Bishop KH; Lee YH; Munthe J; Dambrine E";Xylem sap as a pathway for total mercury and methylmercury transport from soils to tree canopy in the boreal forest;BIOGEOCHEMISTRY;1998;10.1023/A:1005983932240;0;concentration in xylem sap but cross ref of bishop 1997;;
"Rea AW; Keeler GJ; Scherbatskoy T";The deposition of mercury in throughfall and litterfall in the lake champlain watershed: A short-term study;ATMOSPHERIC ENVIRONMENT;1996;10.1016/1352-2310(96)00087-8;0;24h collection;;
"Aastrup M; Iverfeldt A; Bringmark L; Kvarnas H; Thunholm B; Hultberg H";Monitoring of heavy metals in protected forest catchments in Sweden;WATER AIR AND SOIL POLLUTION;1995;10.1007/BF00476920;0;mass balance over a catchment but no legend of abbreviation in schemeÉ.;;
"REA AW; KEELER GJ; SCHERBATSKOY T";THE DEPOSITION OF MERCURY IN THROUGHFALL AND LITTERFALL IN A NORTHERN MIXED HARDWOOD FOREST;ABSTRACTS OF PAPERS OF THE AMERICAN CHEMICAL SOCIETY;1995;;abstract of Rea1996 study;;;
"MUNTHE J; HULTBERG H; IVERFELDT A";MECHANISMS OF DEPOSITION OF METHYLMERCURY AND MERCURY TO CONIFEROUS FORESTS;WATER AIR AND SOIL POLLUTION;1995;10.1007/BF01189686;0;no info about procedure and locationÉ.;;
"JOHNSON DW; LINDBERG SE";THE BIOGEOCHEMICAL CYCLING OF HG IN FORESTS - ALTERNATIVE METHODS FOR QUANTIFYING TOTAL DEPOSITION AND SOIL EMISSION;WATER AIR AND SOIL POLLUTION;1995;10.1007/BF01189767;0;cite previous sudies;;
"Feinberg A; Dlamini T; Jiskra M; Shah VR; Selin NE";Evaluating atmospheric mercury (Hg) uptake by vegetation in a chemistry-transport model;ENVIRONMENTAL SCIENCE-PROCESSES & IMPACTS;2022;"10.1039/d2em00032f; 10.1039/D2EM00032F";0;review;;
"Zhou J; Obrist D; Dastoor A; Jiskra M; Ryjkov A";Vegetation uptake of mercury and impacts on global cycling;NATURE REVIEWS EARTH & ENVIRONMENT;2021;10.1038/s43017-021-00146-y;0;review;;
"Oswald CJ; Heyes A; Branfireun BA";Fate and Transport of Ambient Mercury and Applied Mercury Isotope in Terrestrial Upland Soils: Insights from the METAALICUS Watershed;ENVIRONMENTAL SCIENCE & TECHNOLOGY;2014;10.1021/es404260f;0;soil pools;;
"Fostier AH; Melendez-Perez JJ; Richter L";Litter mercury deposition in the Amazonian rainforest;ENVIRONMENTAL POLLUTION;2015;10.1016/j.envpol.2015.08.010;0;already collected + no relevant data;;
"Feinberg A; Dlamini T; Jiskra M; Shah VR; Selin NE";Evaluating atmospheric mercury (Hg) uptake by vegetation in a chemistry-transport model;ENVIRONMENTAL SCIENCE-PROCESSES & IMPACTS;2022;10.1039/d2em00032f;0;already collected + no relevant data;;
"Parente-Sendin A; Mendez-L—pez M; Calvo-Portela N; Acemel-Miguez L; Alonso-Vega F; Novoa-Mu–oz JC";Multi-component tree biomass approach to estimate litterfall Hg deposition in a warm-temperate coniferous forest in southern Europe;ENVIRONMENTAL RESEARCH;2025;10.1016/j.envres.2025.122767;1;;;
"Rodrigo A; Avila A; G—mez-Bolea A";Trace metal contents in Parmelia caperata (L.) Ach. compared to bulk deposition throughfall and leaf-wash fluxes in two holm oak forests in Montseny (NE Spain);ATMOSPHERIC ENVIRONMENT;1999;10.1016/S1352-2310(98)00167-8;0;Hg under detection;;
"Choi HD; Sharac TJ; Holsen TM";Mercury deposition in the Adirondacks: A comparison between precipitation and throughfall;ATMOSPHERIC ENVIRONMENT;2008;10.1016/j.atmosenv.2007.11.036;1;;;
"Nelson SJ; Webster KE; Loftin CS; Weathers KC";Shifts in controls on the temporal coherence of throughfall chemical flux in Acadia National Park Maine USA;BIOGEOCHEMISTRY;2013;10.1007/s10533-013-9884-7;0;dry and wet depo + no annual values;;
"Witt EL; Kolka RK; Nater EA; Wickman TR";Influence of the Forest Canopy on Total and Methyl Mercury Deposition in the Boreal Forest;WATER AIR AND SOIL POLLUTION;2009;10.1007/s11270-008-9854-1;1;;;
"Yuan W; Wang X; Lin CJ; Zhang G; Wu F; Liu NT; Jia LY; Zhang H; Lu HZ; Dong JL; Feng XB";Fate and Transport of Mercury through Waterflows in a Tropical Rainforest;ENVIRONMENTAL SCIENCE & TECHNOLOGY;2024;10.1021/acs.est.3c09265;1;;;
"Kocman D; Vreca P; Fajon V; Horvat M";Atmospheric distribution and deposition of mercury in the Idrija Hg mine region Slovenia;ENVIRONMENTAL RESEARCH;2011;10.1016/j.envres.2010.10.012;0;4 days sampling period;;
"Kolka RK; Nater EA; Grigal DF; Verry ES";Atmospheric inputs of mercury and organic carbon into a forested upland bog watershed;WATER AIR AND SOIL POLLUTION;1999;10.1023/A:1005020326683;1;;;
"Johnson KB; Haines TA; Kahl JS; Norton SA; Amirbahman A; Sheehan KD";Controls on mercury and methylmercury deposition for two watersheds in Acadia National Park Maine;ENVIRONMENTAL MONITORING AND ASSESSMENT;2007;10.1007/s10661-006-9331-5;1;;;
"Fostier AH; Forti MC; Guimaraes JRD; Melfi AJ; Boulet R; Santo CME; Krug FJ";Mercury fluxes in a natural forested Amazonian catchment (Serra do Navio Amapa State Brazil);SCIENCE OF THE TOTAL ENVIRONMENT;2000;10.1016/S0048-9697(00)00564-7;1;;;
"Nelson SJ; Fernandez IJ; Kahl JS";A review of mercury concentration and deposition in snow in eastern temperate North America;HYDROLOGICAL PROCESSES;2010;10.1002/hyp.7660;0;data from litterature review;;
"Wan Q; Feng XB; Lu J; Zheng W; Song XJ; Li P; Han SJ; Xu H";Atmospheric mercury in Changbai Mountain area northeastern China II. The distribution of reactive gaseous mercury and particulate mercury and mercury deposition fluxes;ENVIRONMENTAL RESEARCH;2009;10.1016/j.envres.2009.05.006;1;very few info about sampling protocole;;
"Dasa R; Landing W; Bizimis M; Odom L; Caffrey J";Mass Independent Fractionation of Mercury Isotopes as Source Tracers in Sediments;11TH APPLIED ISOTOPE GEOCHEMISTRY CONFERENCE AIG-11;2015;10.1016/j.proeps.2015.07.036;0;no throughfall data (but isotopic if needed);;
"Zhu CL; Lv SY; Zhao Q; Liu X; Wang ZG; Zheng XM; Zhou LM; Wang YJ";Seasonal variation in mercury and methylmercury production in vegetated sediment in the Dongtan wetlands of the Yangtze River Estuary China;MARINE ENVIRONMENTAL RESEARCH;2023;10.1016/j.marenvres.2023.105999;0;sediment incubation with litter addition;;
IVERFELDT A;MERCURY IN FOREST CANOPY THROUGHFALL WATER AND ITS RELATION TO ATMOSPHERIC DEPOSITION;WATER AIR AND SOIL POLLUTION;1991;10.1007/BF00342299;1;;;
"Lawson ST; Scherbatskoy TD; Malcolm EG; Keeler GJ";Cloud water and throughfall deposition of mercury and trace elements in a high elevation spruce-fir forest at Mt. Mansfield Vermont;JOURNAL OF ENVIRONMENTAL MONITORING;2003;10.1039/b210125d;0;non precipitating cloud events;;
"Gerson JR; Szponar N; Agostini A; Alotaibi R; Bergquist B; Chen A; Fernandez LE; Lansdale KN; Lee AH; Machicao MF; Marchese MJ; Topp SN; Vega C; Bernhardt ES";Chemistry of surface water precipitation throughfall leaves sediment soil and air near a gold mining region in Peru;ECOLOGY;2022;10.1002/ecy.3666;0;single event data;;
"Zhang G; Yuan W; Jia LY; Sun MQ; Wen HD; Chen C; Yang RD; Wang X";Climate-driven mercury dynamics in a tropical savanna: Low uptake pulsed emissions and weak sequestration;JOURNAL OF HAZARDOUS MATERIALS;2025;10.1016/j.jhazmat.2025.139285;1;;;
"Biester H; MŸller G; Schšler HF";Estimating distribution and retention of mercury in three different soils contaminated by emissions from chlor-alkali plants: part I;SCIENCE OF THE TOTAL ENVIRONMENT;2002;10.1016/S0048-9697(01)00884-1;0;no throughfall data flux estimated based on soil Hg in forested or non forested area;;
"Ali SW; Bozic D; Nair SV; Zivkovic I; Andron TD; Markovic S; Hudobivnik MJ; Horvat M; Kocman D";Evaluation of sampling and sample preparation methodologies for determination of mercury concentrations and stable mercury isotopes in foliage samples;ENVIRONMENTAL MONITORING AND ASSESSMENT;2025;10.1007/s10661-025-14318-6;0;methodolody of Hg concentration in vegetation;;
"Lynam MM; Hall NL; Dvonch JT";Spatial Patterns in Wet and Dry Deposition of Atmospheric Mercury to Illinois Watersheds;PROCEEDINGS OF THE 16TH INTERNATIONAL CONFERENCE ON HEAVY METALS IN THE ENVIRONMENT;2013;10.1051/e3sconf/20130103007;0;throughfall collection but no data;;
"Mangal V; Lam WY; Huang H; Emilson EJS; Mackereth RW; Mitchell CPJ";Molecular correlations of dissolved organic matter with inorganic mercury and methylmercury in Canadian boreal streams;BIOGEOCHEMISTRY;2022;10.1007/s10533-022-00944-6;0;composition of rivers and fall not throughfall;;
"Allan CJ; Heyes A; Roulet NT; St Louis VL; Rudd JWM";Spatial and temporal dynamics of mercury in Precambrian Shield upland runoff;BIOGEOCHEMISTRY;2001;10.1023/A:1026543418120;0;episodic event without yearly data;;
"Nelson SJ; Johnson KB; Weathers KC; Loftin CS; Fernandez IJ; Kahl JS; Krabbenhoft DP";A comparison of winter mercury accumulation at forested and no-canopy sites measured with different snow sampling techniques;APPLIED GEOCHEMISTRY;2008;10.1016/j.apgeochem.2007.12.009;0;snowfall only;;
"Lawson NM; Mason RP";Concentration of mercury methylmercury cadmium lead arsenicand selenium in the rain and stream water of two contrasting watersheds in Western Maryland;WATER RESEARCH;2001;10.1016/S0043-1354(01)00140-3;1;;;
"Dai ZH; Feng XB; Sommar J; Li P; Fu XW";Spatial distribution of mercury deposition fluxes in Wanshan Hg mining area Guizhou province China;ATMOSPHERIC CHEMISTRY AND PHYSICS;2012;10.5194/acp-12-6207-2012;1;;;
Lodenius M;Dry and wet deposition of mercury near a chlor-alkali plant;SCIENCE OF THE TOTAL ENVIRONMENT;1998;10.1016/S0048-9697(98)00073-4;0;no new throughfall data;;
"Wang X; Lin CJ; Lu ZY; Zhang H; Zhang YP; Feng XB";Enhanced accumulation and storage of mercury on subtropical evergreen forest floor: Implications on mercury budget in global forest ecosystems;JOURNAL OF GEOPHYSICAL RESEARCH-BIOGEOSCIENCES;2016;10.1002/2016JG003446;1;;;
"Witt EL; Kolka RK; Nater EA; Wickman TR";Forest Fire Effects on Mercury Deposition in the Boreal Forest;ENVIRONMENTAL SCIENCE & TECHNOLOGY;2009;10.1021/es802634y;0;already collected in  10.1007/s11270-008-9854-1;1;
"Rea AW; Keeler GJ";Microwave digestion and analysis of foliage for total mercury by cold vapor atomic fluorescence spectroscopy;BIOGEOCHEMISTRY;1998;10.1023/A:1005979815402;0;annalytical test on sample from larger study Rea 1996;;
"Bushey JT; Driscoll CT; Mitchell MJ; Selvendiran P; Montesdeoca MR";Mercury transport in response to storm events from a northern forest landscape;HYDROLOGICAL PROCESSES;2008;10.1002/hyp.7091;0;data from Choi2009;;
"Schneider L; Fisher JA; DiŽguez MC; Fostier AH; Guimaraes JRD; Leaner JJ; Mason R";A synthesis of mercury research in the Southern Hemisphere part 1: Natural processes;AMBIO;2023;10.1007/s13280-023-01832-5;0;data compilation;;
"Allan CJ; Heyes A";A preliminary assessment of wet deposition and episodic transport of total and methyl mercury from low order Blue Ridge Watersheds SE USA;WATER AIR AND SOIL POLLUTION;1998;10.1023/A:1004971824366;0;single event collection;;
"kerblom S; Meili M; Bishop K";Organic Matter in Rain: An Overlooked Influence on Mercury Deposition;ENVIRONMENTAL SCIENCE & TECHNOLOGY LETTERS;2015;10.1021/acs.estlett.5b00009;1;;;
"HULTBERG H; MUNTHE J; IVERFELDT A";CYCLING OF METHYL MERCURY AND MERCURY - RESPONSES IN THE FOREST ROOF CATCHMENT TO 3 YEARS OF DECREASED ATMOSPHERIC DEPOSITION;WATER AIR AND SOIL POLLUTION;1995;10.1007/BF01189691;1;;;
"Munthe J; Hultberg H; Lee YH; Parkman H; Iverfeldt A; Renberg I";Trends of mercury and methylmercury in deposition runoff water and sediments in relation to experimental manipulations and acidification;WATER AIR AND SOIL POLLUTION;1995;10.1007/BF00476918;1;/!\ Hultberg and Munthe sample in the same place and year with different values.. I guess one is Jan-Jan year and the other rolling year ?;;
"Braaten HFV; de Wit HA";Effects of disturbance and vegetation type on total and methylmercury in boreal peatland and forest soils;ENVIRONMENTAL POLLUTION;2016;10.1016/j.envpol.2016.08.029;0;one month sample;;
"Yu B; Fu XW; Yin RS; Zhang H; Wang X; Lin CJ; Wu CS; Zhang YP; He NN; Fu PQ; Wang ZF; Shang LH; Sommar J; Sonke JE; Maurice L; Guinot B; Feng XB";Isotopic Composition of Atmospheric Mercury in China: New Evidence for Sources and Transformation Processes in Air and in Vegetation;ENVIRONMENTAL SCIENCE & TECHNOLOGY;2016;10.1021/acs.est.6b01782;0;litterfall isotopic but concentrations are not weighted by fluxÉ.;;
"Turcsanyi G; Siller I; Fuhrer E; Kovacs M; Penksza K; Buttner S; Figeczky G; Dudas J; Mihaly B";Amount and chemical element content of rhizomorphs in the stemflow and throughfall areas of beech stands on different soil types;ZEITSCHRIFT FUR PFLANZENERNAHRUNG UND BODENKUNDE;1996;10.1002/jpln.1996.3581590515;0;no Hg data;;
"Mason RP; Lawson NM; Sullivan KA";Atmospheric deposition to the Chesapeake Bay watershed - Regional and local sources;ATMOSPHERIC ENVIRONMENT;1997;10.1016/S1352-2310(97)00207-0;0;6 months samples without conversion to yearly flux;;
"Sun GY; Feng XB; Yin RS; Zhao HF; Zhang LM; Sommar J; Li ZG; Zhang H";Corn (Zea mays L.): A low methylmercury staple cereal source and an important biospheric sink of atmospheric mercury and health risk assessment;ENVIRONMENT INTERNATIONAL;2019;10.1016/j.envint.2019.104971;0;no throughfall nor litterfall data;;
"Kahl JS; Nelson SJ; Fernandez I; Haines T; Norton S; Wiersma GB; Jacobson G; Amirbahman A; Johnson K; Schauffler M; Rustad L; Tonnessen K; Lent R; Bank M; Elvir J; Eckhoff J; Caron H; Ruck P; Parker J; Campbell J; Manski D; Breen R; Sheehan K; Grygo A";Watershed nitrogen and mercury geochemical fluxes integrate landscape factors in long-term research watersheds at Acadia National Park Maine USA;ENVIRONMENTAL MONITORING AND ASSESSMENT;2007;10.1007/s10661-006-9328-0;0;already collected in Sheehan2006;;
"Rowland AP; Lawlor AJ; Guyatt HJ; Wadsworth RA";Background wet deposition of mercury in Great Britain;JOURNAL OF ENVIRONMENTAL MONITORING;2010;10.1039/c0em00086h;0;no throughfall nor litterfall data;;
"Xiao Z; Sommar J; Lindqvist O; Giouleka E";Atmospheric mercury deposition to grass in southern Sweden;SCIENCE OF THE TOTAL ENVIRONMENT;1998;10.1016/S0048-9697(98)00080-1;0;no throughfall nor litterfall data;;
"Guedron S; Grimaldi M; Grimaldi C; Cossa D; Tisserand D; Charlet L";Amazonian former gold mined soils as a source of methylmercury: Evidence from a small scale watershed in French Guiana;WATER RESEARCH;2011;10.1016/j.watres.2011.02.022;0;concentration without yearly flux;;
"LEE YH; IVERFELDT A";MEASUREMENT OF METHYLMERCURY AND MERCURY IN RUN-OFF LAKE AND RAIN WATERS;WATER AIR AND SOIL POLLUTION;1991;10.1007/BF00342279;0;yearly mean concentration already collected;;
"Yang LP; Xia JC; Zhang LM; Tian JC; He YF; Wang AY; Namu DM; Zeng ZZ; Feng XB";Mobilization of mercury thallium and arsenic in soil hydrological processes in karst catchment southwest China;ENVIRONMENTAL GEOCHEMISTRY AND HEALTH;2025;10.1007/s10653-025-02604-8;0;5 months concentraion;;
"Kolka RK; Grigal DF; Nater EA; Verry ES";Hydrologic cycling of mercury and organic carbon in a forested upland-bog watershed;SOIL SCIENCE SOCIETY OF AMERICA JOURNAL;2001;10.2136/sssaj2001.653897x;0;already collected in Grigal 2000;;
"Wang T; Du BY; Forbrich I; Zhou J; Polen J; Sunderland EM; Balcom PH; Chen CL; Obrist D";Above- and belowground plant mercury dynamics in a salt marsh estuary in Massachusetts USA;BIOGEOSCIENCES;2024;10.5194/bg-21-1461-2024;0;estimated throughfall from washing;;
"Fostier AH; Amouroux D; Tessier E; Viana JLM; Richter L";Methylmercury content in soil and litter from the Amazonian rainforest and its potential fate during forest fires (vol 4 1242915 2023);FRONTIERS IN ENVIRONMENTAL CHEMISTRY;2023;10.3389/fenvc.2023.1296650;0;soil layer collection;;
"Navr‡til T; Hojdov‡ M; Rohovec J; Pen’zek V; Varilov‡ Z";Effect of Fire on Pools of Mercury in Forest Soil Central Europe;BULLETIN OF ENVIRONMENTAL CONTAMINATION AND TOXICOLOGY;2009;10.1007/s00128-009-9705-9;0;soil collection;;
"Pecina V; Valtera M; Tr‡vn’ckov‡ G; Komendov‡ R; Novotny R; Brtnicky M; Juricka D";Vertical Distribution of Mercury in Forest Soils and Its Transfer to Edible Mushrooms in Relation to Tree Species;FORESTS;2021;10.3390/f12050539;0;soil measures;;
"Emamverdian A; Khalofah A; Pehlivan N; Li Y; Chen MX; Liu GH";Iron nanoparticles in combination with other conventional Fe sources remediate mercury toxicity-affected plants and soils by nutrient accumulation in bamboo species;ECOTOXICOLOGY AND ENVIRONMENTAL SAFETY;2024;10.1016/j.ecoenv.2024.116431;0;no data;;
"Huang JH; Schwesig D; Matzner E";Organotin compounds in precipitation fog and soils of a forested ecosystem in Germany;ENVIRONMENTAL POLLUTION;2004;10.1016/j.envpol.2003.12.012;0;no Hg data;;
Snyman HA;Influence of fire on litter production and root and litter turnover in a semiarid grassland of South Africa;SOUTH AFRICAN JOURNAL OF BOTANY;2005;10.1016/S0254-6299(15)30126-5;0;no Hg data;;
"MŽlires MA; Pourchet M; Cossa D; Charles-Dominique P; Gaucher P";Total-Hg and 210Pb measurements in canopy and lake sediments at the pic Matecho a pristine site in the tropical rainforest of French Guiana (South America);JOURNAL DE PHYSIQUE IV;2003;10.1051/jp4:20030433;0;already collected and leaves collected on trees;1;
"Husk GJ; Weishampel JF; Schlesinger WH";Mineral dynamics in Spanish moss Tillandsia usneoides L. (Bromeliaceae) from Central Florida USA;SCIENCE OF THE TOTAL ENVIRONMENT;2004;10.1016/j.scitotenv.2003.09.001;0;vegetation concentration;;
"Schauffler M; Nelson SJ; Kahl JS; Jacobson GL; Haines TA; Patterson WA; Johnson KB";Paleoecological assessment of watershed history in PRIMENet watersheds at Acadia National Park USA;ENVIRONMENTAL MONITORING AND ASSESSMENT;2007;10.1007/s10661-006-9330-6;0;no throughfall nor litter data;;
"Yan XL; Liao XY; Chen TB";Leaching potential of arsenic from Pteris vittata L. under field conditions;SCIENCE OF THE TOTAL ENVIRONMENT;2009;10.1016/j.scitotenv.2009.09.035;0;arsenic data;;
